{"cameraMode":{"drawMode":0,"name":"Shaded","section":"Shading Mode"},"sceneLighting":true,"audioPlay":false,"sceneViewState":{"showFog":true,"showMaterialUpdate":true,"showSkybox":true,"showFlares":true,"showImageEffects":true,"showParticleSystems":true},"in2DMode":false,"pivot":{"x":409.61920166015627,"y":9.196048736572266,"z":337.5877990722656},"rotation":{"x":0.0348198376595974,"y":0.4681353271007538,"z":-0.018233658745884897,"w":0.8828572630882263},"size":175.38987731933595,"orthographic":false}