{"cameraMode":{"drawMode":0,"name":"Shaded","section":"Shading Mode"},"sceneLighting":false,"audioPlay":false,"sceneViewState":{"showFog":true,"showMaterialUpdate":true,"showSkybox":false,"showFlares":true,"showImageEffects":true,"showParticleSystems":true},"in2DMode":false,"pivot":{"x":-2.32852840423584,"y":1.2656784057617188,"z":-5.899641990661621},"rotation":{"x":0.2493288367986679,"y":-0.4375554025173187,"z":0.1275649219751358,"w":0.854674220085144},"size":9.464007377624512,"orthographic":false}