{"cameraMode":{"drawMode":0,"name":"Shaded","section":"Shading Mode"},"sceneLighting":false,"audioPlay":false,"sceneViewState":{"showFog":true,"showMaterialUpdate":true,"showSkybox":false,"showFlares":true,"showImageEffects":true,"showParticleSystems":true},"in2DMode":false,"pivot":{"x":169.64804077148438,"y":51.06118392944336,"z":205.79327392578126},"rotation":{"x":0.14663536846637727,"y":-0.2764378786087036,"z":0.042680297046899798,"w":0.9488782286643982},"size":0.6500091552734375,"orthographic":false}