{"cameraMode":{"drawMode":0,"name":"Shaded","section":"Shading Mode"},"sceneLighting":true,"audioPlay":false,"sceneViewState":{"showFog":true,"showMaterialUpdate":true,"showSkybox":true,"showFlares":true,"showImageEffects":true,"showParticleSystems":true},"in2DMode":false,"pivot":{"x":13.579334259033204,"y":0.28469347953796389,"z":6.342077255249023},"rotation":{"x":0.17181047797203065,"y":-0.38364553451538088,"z":0.0731746256351471,"w":0.9046064615249634},"size":7.372375011444092,"orthographic":false}