{"cameraMode":{"drawMode":0,"name":"Shaded","section":"Shading Mode"},"sceneLighting":false,"audioPlay":false,"sceneViewState":{"showFog":true,"showMaterialUpdate":true,"showSkybox":false,"showFlares":true,"showImageEffects":true,"showParticleSystems":true},"in2DMode":false,"pivot":{"x":169.7915802001953,"y":50.9730339050293,"z":205.83709716796876},"rotation":{"x":0.18352125585079194,"y":-0.21768267452716828,"z":0.041674405336380008,"w":0.9577624201774597},"size":0.6500091552734375,"orthographic":false}