{"cameraMode":{"drawMode":0,"name":"Shaded","section":"Shading Mode"},"sceneLighting":true,"audioPlay":false,"sceneViewState":{"showFog":true,"showMaterialUpdate":true,"showSkybox":true,"showFlares":true,"showImageEffects":true,"showParticleSystems":true},"in2DMode":false,"pivot":{"x":169.6368408203125,"y":50.73200988769531,"z":205.96243286132813},"rotation":{"x":-0.35241279006004336,"y":0.02828674018383026,"z":-0.010664517059922219,"w":-0.935382604598999},"size":1.44999098777771,"orthographic":false}