{"cameraMode":{"drawMode":0,"name":"Shaded","section":"Shading Mode"},"sceneLighting":true,"audioPlay":false,"sceneViewState":{"showFog":true,"showMaterialUpdate":true,"showSkybox":true,"showFlares":true,"showImageEffects":true,"showParticleSystems":true},"in2DMode":false,"pivot":{"x":157.46583557128907,"y":21.336374282836915,"z":159.6275634765625},"rotation":{"x":0.0004392695554997772,"y":-0.9998696446418762,"z":0.0033240807242691519,"w":-0.023337578400969507},"size":126.7917251586914,"orthographic":false}