{"cameraMode":{"drawMode":0,"name":"Shaded","section":"Shading Mode"},"sceneLighting":true,"audioPlay":false,"sceneViewState":{"showFog":true,"showMaterialUpdate":true,"showSkybox":true,"showFlares":true,"showImageEffects":true,"showParticleSystems":true},"in2DMode":false,"pivot":{"x":3304.50439453125,"y":-974.095703125,"z":-672.645751953125},"rotation":{"x":-0.23197858035564423,"y":-0.7325752973556519,"z":0.2998819351196289,"w":-0.5655279159545898},"size":5706.89794921875,"orthographic":false}