{"cameraMode":{"drawMode":0,"name":"Shaded","section":"Shading Mode"},"sceneLighting":false,"audioPlay":false,"sceneViewState":{"showFog":true,"showMaterialUpdate":true,"showSkybox":false,"showFlares":true,"showImageEffects":true,"showParticleSystems":true},"in2DMode":false,"pivot":{"x":214.25318908691407,"y":34.018436431884769,"z":226.17172241210938},"rotation":{"x":-0.082964688539505,"y":-0.640527606010437,"z":0.06931399554014206,"w":-0.7603810429573059},"size":20.61491584777832,"orthographic":false}