{"cameraMode":{"drawMode":0,"name":"Shaded","section":"Shading Mode"},"sceneLighting":true,"audioPlay":false,"sceneViewState":{"showFog":true,"showMaterialUpdate":true,"showSkybox":true,"showFlares":true,"showImageEffects":true,"showParticleSystems":true},"in2DMode":false,"pivot":{"x":170.05429077148438,"y":51.182838439941409,"z":205.36441040039063},"rotation":{"x":0.18320606648921967,"y":-0.2248595952987671,"z":0.04303845390677452,"w":0.9561017751693726},"size":0.05000925064086914,"orthographic":false}