{"cameraMode":{"drawMode":0,"name":"Shaded","section":"Shading Mode"},"sceneLighting":true,"audioPlay":false,"sceneViewState":{"showFog":true,"showMaterialUpdate":true,"showSkybox":true,"showFlares":true,"showImageEffects":true,"showParticleSystems":true},"in2DMode":false,"pivot":{"x":270.74517822265627,"y":17.2027530670166,"z":338.08416748046877},"rotation":{"x":-0.013120566494762898,"y":0.8322174549102783,"z":-0.018670089542865754,"w":-0.5542731881141663},"size":78.84939575195313,"orthographic":false}