{"cameraMode":{"drawMode":0,"name":"Shaded","section":"Shading Mode"},"sceneLighting":true,"audioPlay":false,"sceneViewState":{"showFog":true,"showMaterialUpdate":true,"showSkybox":true,"showFlares":true,"showImageEffects":true,"showParticleSystems":true},"in2DMode":false,"pivot":{"x":170.04815673828126,"y":51.13907241821289,"z":205.4355010986328},"rotation":{"x":0.0792759507894516,"y":-0.21798735857009889,"z":0.01769595593214035,"w":0.9726210236549377},"size":0.05000925064086914,"orthographic":false}