{"cameraMode":{"drawMode":0,"name":"Shaded","section":"Shading Mode"},"sceneLighting":true,"audioPlay":false,"sceneViewState":{"showFog":true,"showMaterialUpdate":true,"showSkybox":true,"showFlares":true,"showImageEffects":true,"showParticleSystems":true},"in2DMode":false,"pivot":{"x":353.6729431152344,"y":290.58929443359377,"z":607.837646484375},"rotation":{"x":-0.009920456446707249,"y":0.9774541854858398,"z":-0.0472700297832489,"w":-0.20635651051998139},"size":539.7747802734375,"orthographic":false}