{"cameraMode":{"drawMode":0,"name":"Shaded","section":"Shading Mode"},"sceneLighting":true,"audioPlay":false,"sceneViewState":{"showFog":true,"showMaterialUpdate":true,"showSkybox":true,"showFlares":true,"showImageEffects":true,"showParticleSystems":true},"in2DMode":false,"pivot":{"x":39.02196502685547,"y":7.312826633453369,"z":36.29820251464844},"rotation":{"x":0.05123423412442207,"y":0.3369916081428528,"z":-0.017970649525523187,"w":0.9400702714920044},"size":4.962729454040527,"orthographic":false}