{"cameraMode":{"drawMode":0,"name":"Shaded","section":"Shading Mode"},"sceneLighting":true,"audioPlay":false,"sceneViewState":{"showFog":true,"showMaterialUpdate":true,"showSkybox":true,"showFlares":true,"showImageEffects":true,"showParticleSystems":true},"in2DMode":false,"pivot":{"x":547.719970703125,"y":30.306167602539064,"z":545.486328125},"rotation":{"x":-0.058665160089731219,"y":0.9145458340644836,"z":-0.14422884583473206,"w":-0.37379130721092226},"size":421.18975830078127,"orthographic":false}