{"cameraMode":{"drawMode":0,"name":"Shaded","section":"Shading Mode"},"sceneLighting":false,"audioPlay":false,"sceneViewState":{"showFog":true,"showMaterialUpdate":true,"showSkybox":false,"showFlares":true,"showImageEffects":true,"showParticleSystems":true},"in2DMode":false,"pivot":{"x":169.63304138183595,"y":50.92986297607422,"z":205.72377014160157},"rotation":{"x":0.19638364017009736,"y":-0.29340046644210818,"z":0.06167822703719139,"w":0.9336258769035339},"size":0.6500091552734375,"orthographic":false}