{"cameraMode":{"drawMode":0,"name":"Shaded","section":"Shading Mode"},"sceneLighting":false,"audioPlay":false,"sceneViewState":{"showFog":true,"showMaterialUpdate":true,"showSkybox":false,"showFlares":true,"showImageEffects":true,"showParticleSystems":true},"in2DMode":false,"pivot":{"x":416.709228515625,"y":-118.64743041992188,"z":451.0248107910156},"rotation":{"x":-0.29152289032936098,"y":-0.42389240860939028,"z":0.14542771875858308,"w":-0.8451846241950989},"size":537.8831787109375,"orthographic":false}