{"cameraMode":{"drawMode":0,"name":"Shaded","section":"Shading Mode"},"sceneLighting":true,"audioPlay":false,"sceneViewState":{"showFog":true,"showMaterialUpdate":true,"showSkybox":true,"showFlares":true,"showImageEffects":true,"showParticleSystems":true},"in2DMode":false,"pivot":{"x":536.3935546875,"y":147.20132446289063,"z":487.69873046875},"rotation":{"x":-0.054166410118341449,"y":0.9266732931137085,"z":-0.1475573629140854,"w":-0.34194469451904299},"size":484.57366943359377,"orthographic":false}