{"cameraMode":{"drawMode":0,"name":"Shaded","section":"Shading Mode"},"sceneLighting":false,"audioPlay":false,"sceneViewState":{"showFog":true,"showMaterialUpdate":false,"showSkybox":false,"showFlares":true,"showImageEffects":true,"showParticleSystems":true},"in2DMode":false,"pivot":{"x":0.981109619140625,"y":-0.010284364223480225,"z":0.08795155584812164},"rotation":{"x":-0.056515179574489596,"y":0.7840941548347473,"z":-0.072191022336483,"w":-0.6138330101966858},"size":2.8578948974609377,"orthographic":false}