{"cameraMode":{"drawMode":0,"name":"Shaded","section":"Shading Mode"},"sceneLighting":false,"audioPlay":false,"sceneViewState":{"showFog":true,"showMaterialUpdate":false,"showSkybox":false,"showFlares":true,"showImageEffects":true,"showParticleSystems":true},"in2DMode":false,"pivot":{"x":-0.5202893018722534,"y":0.11571145057678223,"z":0.024039506912231447},"rotation":{"x":-0.21832410991191865,"y":-0.07775181531906128,"z":0.017452679574489595,"w":-0.9726174473762512},"size":2.98195219039917,"orthographic":false}