{"cameraMode":{"drawMode":0,"name":"Shaded","section":"Shading Mode"},"sceneLighting":true,"audioPlay":false,"sceneViewState":{"showFog":true,"showMaterialUpdate":false,"showSkybox":true,"showFlares":true,"showImageEffects":true,"showParticleSystems":true},"in2DMode":false,"pivot":{"x":17.427539825439454,"y":21.147451400756837,"z":-3.646012306213379},"rotation":{"x":-0.06918305158615112,"y":-0.04664728045463562,"z":0.0032378495670855047,"w":-0.9965075254440308},"size":23.942474365234376,"orthographic":false}