{"cameraMode":{"drawMode":0,"name":"Shaded","section":"Shading Mode"},"sceneLighting":true,"audioPlay":false,"sceneViewState":{"showFog":true,"showMaterialUpdate":false,"showSkybox":true,"showFlares":true,"showImageEffects":true,"showParticleSystems":true},"in2DMode":false,"pivot":{"x":1.9221853017807007,"y":6.0243964195251469,"z":-0.2949562072753906},"rotation":{"x":0.014668889343738556,"y":-0.05274101346731186,"z":-0.0007751040393486619,"w":-0.9985002279281616},"size":15.416337013244629,"orthographic":false}