{"cameraMode":{"drawMode":0,"name":"Shaded","section":"Shading Mode"},"sceneLighting":true,"audioPlay":false,"sceneViewState":{"showFog":true,"showMaterialUpdate":false,"showSkybox":true,"showFlares":true,"showImageEffects":true,"showParticleSystems":true},"in2DMode":false,"pivot":{"x":-0.41100001335144045,"y":1.7669999599456788,"z":-2.0490000247955324},"rotation":{"x":-0.00480684544891119,"y":0.0402117595076561,"z":-0.00019382366735953838,"w":-0.9991796016693115},"size":12.660858154296875,"orthographic":false}