{"cameraMode":{"drawMode":0,"name":"Shaded","section":"Shading Mode"},"sceneLighting":true,"audioPlay":false,"sceneViewState":{"showFog":true,"showMaterialUpdate":false,"showSkybox":true,"showFlares":true,"showImageEffects":true,"showParticleSystems":true},"in2DMode":false,"pivot":{"x":-1.3172831535339356,"y":6.826726913452148,"z":-1.228177547454834},"rotation":{"x":0.241373673081398,"y":-0.05554124340415001,"z":-0.013839082792401314,"w":-0.9687427282333374},"size":7.83522891998291,"orthographic":false}