{"cameraMode":{"drawMode":0,"name":"Shaded","section":"Shading Mode"},"sceneLighting":false,"audioPlay":false,"sceneViewState":{"showFog":true,"showMaterialUpdate":false,"showSkybox":false,"showFlares":true,"showImageEffects":true,"showParticleSystems":true},"in2DMode":false,"pivot":{"x":48.33290100097656,"y":13.970848083496094,"z":-15.993622779846192},"rotation":{"x":-0.23551911115646363,"y":-0.17551836371421815,"z":0.043289005756378177,"w":-0.9549084305763245},"size":2.4265899658203127,"orthographic":false}