{"cameraMode":{"drawMode":0,"name":"Shaded","section":"Shading Mode"},"sceneLighting":false,"audioPlay":false,"sceneViewState":{"showFog":true,"showMaterialUpdate":false,"showSkybox":false,"showFlares":true,"showImageEffects":true,"showParticleSystems":true},"in2DMode":false,"pivot":{"x":-0.610645055770874,"y":-0.11797013878822327,"z":-1.280073881149292},"rotation":{"x":0.023163476958870889,"y":0.8072268962860107,"z":-0.031748734414577487,"w":0.5889315009117127},"size":2.2818715572357179,"orthographic":false}