{"cameraMode":{"drawMode":0,"name":"Shaded","section":"Shading Mode"},"sceneLighting":true,"audioPlay":false,"sceneViewState":{"showFog":true,"showMaterialUpdate":false,"showSkybox":true,"showFlares":true,"showImageEffects":true,"showParticleSystems":true},"in2DMode":false,"pivot":{"x":273.70977783203127,"y":63.58513259887695,"z":154.12515258789063},"rotation":{"x":0.09456788748502732,"y":0.6452532410621643,"z":-0.08095494657754898,"w":0.7537582516670227},"size":26.619503021240236,"orthographic":false}