{"cameraMode":{"drawMode":0,"name":"Shaded","section":"Shading Mode"},"sceneLighting":false,"audioPlay":false,"sceneViewState":{"showFog":true,"showMaterialUpdate":false,"showSkybox":false,"showFlares":true,"showImageEffects":true,"showParticleSystems":true},"in2DMode":false,"pivot":{"x":0.26127585768699648,"y":-0.30217593908309939,"z":0.8919510841369629},"rotation":{"x":0.16049905121326447,"y":0.17486663162708283,"z":-0.02890373207628727,"w":0.9709924459457398},"size":2.541658639907837,"orthographic":false}