{"cameraMode":{"drawMode":0,"name":"Shaded","section":"Shading Mode"},"sceneLighting":false,"audioPlay":false,"sceneViewState":{"showFog":true,"showMaterialUpdate":false,"showSkybox":false,"showFlares":true,"showImageEffects":true,"showParticleSystems":true},"in2DMode":false,"pivot":{"x":2.269237518310547,"y":2.6243953704833986,"z":7.144041061401367},"rotation":{"x":-0.07806470990180969,"y":-0.665964663028717,"z":0.07039279490709305,"w":-0.7385403513908386},"size":42.40643310546875,"orthographic":false}