{"cameraMode":{"drawMode":0,"name":"Shaded","section":"Shading Mode"},"sceneLighting":false,"audioPlay":false,"sceneViewState":{"showFog":true,"showMaterialUpdate":false,"showSkybox":false,"showFlares":true,"showImageEffects":true,"showParticleSystems":true},"in2DMode":false,"pivot":{"x":0.3744986653327942,"y":0.36822569370269778,"z":-0.5587670803070068},"rotation":{"x":-0.0452885776758194,"y":-0.01675223745405674,"z":0.0007591696921736002,"w":-0.998833179473877},"size":6.716790199279785,"orthographic":false}