{"cameraMode":{"drawMode":0,"name":"Shaded","section":"Shading Mode"},"sceneLighting":false,"audioPlay":false,"sceneViewState":{"showFog":true,"showMaterialUpdate":false,"showSkybox":false,"showFlares":true,"showImageEffects":true,"showParticleSystems":true},"in2DMode":false,"pivot":{"x":-0.16899996995925904,"y":2.250999927520752,"z":4.559001922607422},"rotation":{"x":0.00706096226349473,"y":-0.7207264304161072,"z":-0.007342274766415358,"w":-0.6931448578834534},"size":16.223276138305665,"orthographic":false}