{"cameraMode":{"drawMode":0,"name":"Shaded","section":"Shading Mode"},"sceneLighting":false,"audioPlay":false,"sceneViewState":{"showFog":true,"showMaterialUpdate":false,"showSkybox":false,"showFlares":true,"showImageEffects":true,"showParticleSystems":true},"in2DMode":false,"pivot":{"x":0.981109619140625,"y":-0.14028435945510865,"z":0.08795155584812164},"rotation":{"x":0.1221170723438263,"y":0.6267072558403015,"z":0.10029517114162445,"w":-0.7630638480186462},"size":2.8578948974609377,"orthographic":false}