{"cameraMode":{"drawMode":0,"name":"Shaded","section":"Shading Mode"},"sceneLighting":false,"audioPlay":false,"sceneViewState":{"showFog":true,"showMaterialUpdate":false,"showSkybox":false,"showFlares":true,"showImageEffects":true,"showParticleSystems":true},"in2DMode":false,"pivot":{"x":-0.40521758794784548,"y":0.5823010802268982,"z":-0.003003820776939392},"rotation":{"x":-0.06025509163737297,"y":0.025178246200084688,"z":-0.0015202743234112859,"w":-0.9978642463684082},"size":2.7494590282440187,"orthographic":false}