{"cameraMode":{"drawMode":0,"name":"Shaded","section":"Shading Mode"},"sceneLighting":false,"audioPlay":false,"sceneViewState":{"showFog":true,"showMaterialUpdate":false,"showSkybox":false,"showFlares":true,"showImageEffects":true,"showParticleSystems":true},"in2DMode":false,"pivot":{"x":269.49737548828127,"y":63.048065185546878,"z":152.17747497558595},"rotation":{"x":-0.04178650304675102,"y":0.5791293978691101,"z":-0.02974363975226879,"w":-0.8136205673217773},"size":1.8003003597259522,"orthographic":false}