{"cameraMode":{"drawMode":0,"name":"Shaded","section":"Shading Mode"},"sceneLighting":true,"audioPlay":false,"sceneViewState":{"showFog":true,"showMaterialUpdate":false,"showSkybox":true,"showFlares":true,"showImageEffects":true,"showParticleSystems":true},"in2DMode":false,"pivot":{"x":267.5575866699219,"y":64.22452545166016,"z":148.9959716796875},"rotation":{"x":-0.31801682710647585,"y":-0.13894842565059663,"z":0.04717562720179558,"w":-0.936660647392273},"size":4.176194667816162,"orthographic":false}