{"cameraMode":{"drawMode":0,"name":"Shaded","section":"Shading Mode"},"sceneLighting":false,"audioPlay":false,"sceneViewState":{"showFog":true,"showMaterialUpdate":false,"showSkybox":false,"showFlares":true,"showImageEffects":true,"showParticleSystems":true},"in2DMode":false,"pivot":{"x":20.50606346130371,"y":11.003745079040528,"z":-9.141851425170899},"rotation":{"x":-0.21553437411785127,"y":-0.17350898683071137,"z":0.03894752264022827,"w":-0.9601680636405945},"size":38.88258743286133,"orthographic":false}