{"cameraMode":{"drawMode":0,"name":"Shaded","section":"Shading Mode"},"sceneLighting":false,"audioPlay":false,"sceneViewState":{"showFog":true,"showMaterialUpdate":false,"showSkybox":false,"showFlares":true,"showImageEffects":true,"showParticleSystems":true},"in2DMode":false,"pivot":{"x":7.050749778747559,"y":9.003890037536621,"z":-11.582799911499024},"rotation":{"x":-0.16897204518318177,"y":0.017467308789491655,"z":-0.0029958481900393965,"w":-0.9854615330696106},"size":6.8612751960754398,"orthographic":false}