{"cameraMode":{"drawMode":0,"name":"Shaded","section":"Shading Mode"},"sceneLighting":false,"audioPlay":false,"sceneViewState":{"showFog":true,"showMaterialUpdate":false,"showSkybox":false,"showFlares":true,"showImageEffects":true,"showParticleSystems":true},"in2DMode":false,"pivot":{"x":3.424201011657715,"y":1.2519712448120118,"z":1.3848206996917725},"rotation":{"x":-0.06123945116996765,"y":0.42697277665138247,"z":-0.028997598215937616,"w":-0.9017223715782166},"size":5.8835577964782719,"orthographic":false}