{"cameraMode":{"drawMode":0,"name":"Shaded","section":"Shading Mode"},"sceneLighting":false,"audioPlay":false,"sceneViewState":{"showFog":true,"showMaterialUpdate":false,"showSkybox":false,"showFlares":true,"showImageEffects":true,"showParticleSystems":true},"in2DMode":false,"pivot":{"x":0.29169267416000368,"y":1.2314026355743409,"z":-0.4061241149902344},"rotation":{"x":-0.14968158304691316,"y":-0.029932226985692979,"z":0.004532472230494022,"w":-0.9882706999778748},"size":7.924304008483887,"orthographic":false}