{"cameraMode":{"drawMode":0,"name":"Shaded","section":"Shading Mode"},"sceneLighting":true,"audioPlay":false,"sceneViewState":{"showFog":true,"showMaterialUpdate":false,"showSkybox":true,"showFlares":true,"showImageEffects":true,"showParticleSystems":true},"in2DMode":false,"pivot":{"x":271.125,"y":63.74256896972656,"z":153.5787811279297},"rotation":{"x":-0.05517466738820076,"y":-0.636059582233429,"z":-0.045677658170461658,"w":0.7683082818984985},"size":2.5551202297210695,"orthographic":false}