{"cameraMode":{"drawMode":0,"name":"Shaded","section":"Shading Mode"},"sceneLighting":true,"audioPlay":false,"sceneViewState":{"showFog":true,"showMaterialUpdate":false,"showSkybox":true,"showFlares":true,"showImageEffects":true,"showParticleSystems":true},"in2DMode":false,"pivot":{"x":6.044412612915039,"y":4.447663307189941,"z":-3.127999782562256},"rotation":{"x":-0.14168022572994233,"y":-0.3457013964653015,"z":0.05288812518119812,"w":-0.9260777831077576},"size":3.610243797302246,"orthographic":false}