{"cameraMode":{"drawMode":0,"name":"Shaded","section":"Shading Mode"},"sceneLighting":false,"audioPlay":false,"sceneViewState":{"showFog":true,"showMaterialUpdate":false,"showSkybox":false,"showFlares":true,"showImageEffects":true,"showParticleSystems":true},"in2DMode":false,"pivot":{"x":-1.4033358097076417,"y":1.6068141460418702,"z":-1.3135877847671509},"rotation":{"x":-0.3045368492603302,"y":0.12640498578548432,"z":-0.04081394150853157,"w":-0.9431931972503662},"size":1.9590966701507569,"orthographic":false}