{"cameraMode":{"drawMode":0,"name":"Shaded","section":"Shading Mode"},"sceneLighting":false,"audioPlay":false,"sceneViewState":{"showFog":true,"showMaterialUpdate":false,"showSkybox":false,"showFlares":true,"showImageEffects":true,"showParticleSystems":true},"in2DMode":false,"pivot":{"x":-0.19722142815589906,"y":0.00887751579284668,"z":0.031201273202896119},"rotation":{"x":-0.3538902997970581,"y":-0.01989252120256424,"z":0.0075282747857272629,"w":-0.9350451231002808},"size":2.0068531036376955,"orthographic":false}