{"cameraMode":{"drawMode":0,"name":"Shaded","section":"Shading Mode"},"sceneLighting":true,"audioPlay":false,"sceneViewState":{"showFog":true,"showMaterialUpdate":false,"showSkybox":true,"showFlares":true,"showImageEffects":true,"showParticleSystems":true},"in2DMode":false,"pivot":{"x":-1.1292102336883546,"y":0.5798824429512024,"z":-0.3336755931377411},"rotation":{"x":0.04247086122632027,"y":-0.3097664713859558,"z":-0.013852179050445557,"w":-0.9497626423835754},"size":0.8547655940055847,"orthographic":false}