{"cameraMode":{"drawMode":0,"name":"Shaded","section":"Shading Mode"},"sceneLighting":true,"audioPlay":false,"sceneViewState":{"showFog":true,"showMaterialUpdate":false,"showSkybox":true,"showFlares":true,"showImageEffects":true,"showParticleSystems":true},"in2DMode":false,"pivot":{"x":0.39017820358276369,"y":2.8082189559936525,"z":0.8266220092773438},"rotation":{"x":0.14661309123039246,"y":-0.2764425575733185,"z":0.042719751596450809,"w":0.9488224983215332},"size":8.76002025604248,"orthographic":false}