{"cameraMode":{"drawMode":0,"name":"Shaded","section":"Shading Mode"},"sceneLighting":false,"audioPlay":false,"sceneViewState":{"showFog":true,"showMaterialUpdate":false,"showSkybox":false,"showFlares":true,"showImageEffects":true,"showParticleSystems":true},"in2DMode":false,"pivot":{"x":0.5595202445983887,"y":-0.05289870500564575,"z":-0.04832792282104492},"rotation":{"x":-0.05863724276423454,"y":0.0685555562376976,"z":-0.00403689406812191,"w":-0.9959143996238709},"size":9.488405227661133,"orthographic":false}