{"cameraMode":{"drawMode":0,"name":"Shaded","section":"Shading Mode"},"sceneLighting":false,"audioPlay":false,"sceneViewState":{"showFog":true,"showMaterialUpdate":false,"showSkybox":false,"showFlares":true,"showImageEffects":true,"showParticleSystems":true},"in2DMode":false,"pivot":{"x":-0.25494787096977236,"y":0.05456584692001343,"z":0.957570493221283},"rotation":{"x":-0.04092695936560631,"y":0.9588392972946167,"z":-0.20919635891914369,"w":-0.18758802115917207},"size":0.7578951120376587,"orthographic":false}