{"cameraMode":{"drawMode":0,"name":"Shaded","section":"Shading Mode"},"sceneLighting":false,"audioPlay":false,"sceneViewState":{"showFog":true,"showMaterialUpdate":false,"showSkybox":false,"showFlares":true,"showImageEffects":true,"showParticleSystems":true},"in2DMode":false,"pivot":{"x":268.7574462890625,"y":62.944061279296878,"z":154.85711669921876},"rotation":{"x":0.006450248882174492,"y":-0.9416126012802124,"z":-0.018068654462695123,"w":-0.33615124225616457},"size":0.9710580706596375,"orthographic":false}