{"cameraMode":{"drawMode":0,"name":"Shaded","section":"Shading Mode"},"sceneLighting":true,"audioPlay":false,"sceneViewState":{"showFog":true,"showMaterialUpdate":false,"showSkybox":true,"showFlares":true,"showImageEffects":true,"showParticleSystems":true},"in2DMode":false,"pivot":{"x":-0.4443877339363098,"y":-0.02068498730659485,"z":-0.6527169942855835},"rotation":{"x":0.14299555122852326,"y":-0.05220511928200722,"z":-0.007553258910775185,"w":-0.9883167147636414},"size":0.14804965257644654,"orthographic":false}