{"cameraMode":{"drawMode":0,"name":"Shaded","section":"Shading Mode"},"sceneLighting":true,"audioPlay":false,"sceneViewState":{"showFog":true,"showMaterialUpdate":false,"showSkybox":true,"showFlares":true,"showImageEffects":true,"showParticleSystems":true},"in2DMode":false,"pivot":{"x":268.5894470214844,"y":65.77511596679688,"z":149.24441528320313},"rotation":{"x":-0.005291988141834736,"y":-0.9806768894195557,"z":0.026788700371980668,"w":-0.19371959567070008},"size":44.00090026855469,"orthographic":false}