{"cameraMode":{"drawMode":0,"name":"Shaded","section":"Shading Mode"},"sceneLighting":false,"audioPlay":false,"sceneViewState":{"showFog":true,"showMaterialUpdate":false,"showSkybox":false,"showFlares":true,"showImageEffects":true,"showParticleSystems":true},"in2DMode":false,"pivot":{"x":-0.9785306453704834,"y":0.41114896535873415,"z":0.1742318868637085},"rotation":{"x":0.005178944673389196,"y":-0.9196023344993591,"z":-0.012130535207688809,"w":-0.3926291763782501},"size":2.730478525161743,"orthographic":false}