{"cameraMode":{"drawMode":0,"name":"Shaded","section":"Shading Mode"},"sceneLighting":true,"audioPlay":false,"sceneViewState":{"showFog":true,"showMaterialUpdate":false,"showSkybox":true,"showFlares":true,"showImageEffects":true,"showParticleSystems":true},"in2DMode":false,"pivot":{"x":7.56661319732666,"y":3.0755233764648439,"z":7.086837291717529},"rotation":{"x":0.15023793280124665,"y":-0.63421630859375,"z":0.12744636833667756,"w":0.7476333975791931},"size":5.689246654510498,"orthographic":false}