{"cameraMode":{"drawMode":0,"name":"Shaded","section":"Shading Mode"},"sceneLighting":true,"audioPlay":false,"sceneViewState":{"showFog":true,"showMaterialUpdate":false,"showSkybox":true,"showFlares":true,"showImageEffects":true,"showParticleSystems":true},"in2DMode":false,"pivot":{"x":0.14631867408752442,"y":0.6010766625404358,"z":-1.8957829475402833},"rotation":{"x":-0.17330074310302735,"y":0.18321765959262849,"z":-0.032831717282533649,"w":-0.967119574546814},"size":2.1452343463897707,"orthographic":false}