{"cameraMode":{"drawMode":0,"name":"Shaded","section":"Shading Mode"},"sceneLighting":false,"audioPlay":false,"sceneViewState":{"showFog":true,"showMaterialUpdate":false,"showSkybox":false,"showFlares":true,"showImageEffects":true,"showParticleSystems":true},"in2DMode":false,"pivot":{"x":-0.5379265546798706,"y":0.17894881963729859,"z":-0.18810045719146729},"rotation":{"x":-0.08720044791698456,"y":-0.006246966775506735,"z":0.0005463163834065199,"w":-0.9961711168289185},"size":1.593146562576294,"orthographic":false}