{"cameraMode":{"drawMode":0,"name":"Shaded","section":"Shading Mode"},"sceneLighting":false,"audioPlay":false,"sceneViewState":{"showFog":true,"showMaterialUpdate":false,"showSkybox":false,"showFlares":true,"showImageEffects":true,"showParticleSystems":true},"in2DMode":false,"pivot":{"x":0.2381049394607544,"y":0.474332720041275,"z":3.2176284790039064},"rotation":{"x":0.03424858674407005,"y":-0.9037513136863709,"z":0.07364677637815476,"w":0.4202817976474762},"size":1.6631498336791993,"orthographic":false}