{"cameraMode":{"drawMode":0,"name":"Shaded","section":"Shading Mode"},"sceneLighting":true,"audioPlay":false,"sceneViewState":{"showFog":true,"showMaterialUpdate":false,"showSkybox":false,"showFlares":true,"showImageEffects":true,"showParticleSystems":true},"in2DMode":false,"pivot":{"x":4.97071647644043,"y":2.603780746459961,"z":10.664485931396485},"rotation":{"x":0.15201455354690553,"y":-0.5704194903373718,"z":0.10841081291437149,"w":0.7998502254486084},"size":26.959394454956056,"orthographic":false}