{"cameraMode":{"drawMode":0,"name":"Shaded","section":"Shading Mode"},"sceneLighting":true,"audioPlay":false,"sceneViewState":{"showFog":true,"showMaterialUpdate":false,"showSkybox":false,"showFlares":true,"showImageEffects":true,"showParticleSystems":true},"in2DMode":false,"pivot":{"x":7.626110076904297,"y":2.0872268676757814,"z":26.16599464416504},"rotation":{"x":0.01327294111251831,"y":-0.923909068107605,"z":0.03218182176351547,"w":0.3810252249240875},"size":4.417506217956543,"orthographic":false}