{"cameraMode":{"drawMode":0,"name":"Shaded","section":"Shading Mode"},"sceneLighting":true,"audioPlay":false,"sceneViewState":{"showFog":true,"showMaterialUpdate":false,"showSkybox":false,"showFlares":true,"showImageEffects":true,"showParticleSystems":true},"in2DMode":false,"pivot":{"x":7.10099983215332,"y":4.113198280334473,"z":6.968857288360596},"rotation":{"x":-0.17085394263267518,"y":0.6632025241851807,"z":-0.15935847163200379,"w":-0.7110388875007629},"size":18.866806030273439,"orthographic":false}