{"cameraMode":{"drawMode":0,"name":"Shaded","section":"Shading Mode"},"sceneLighting":true,"audioPlay":false,"sceneViewState":{"showFog":true,"showMaterialUpdate":false,"showSkybox":false,"showFlares":true,"showImageEffects":true,"showParticleSystems":true},"in2DMode":false,"pivot":{"x":2.7460880279541017,"y":2.402927875518799,"z":19.480125427246095},"rotation":{"x":0.08680529147386551,"y":0.3206591308116913,"z":-0.029526328667998315,"w":0.9427464008331299},"size":93.0516586303711,"orthographic":false}