{"cameraMode":{"drawMode":0,"name":"Shaded","section":"Shading Mode"},"sceneLighting":true,"audioPlay":false,"sceneViewState":{"showFog":true,"showMaterialUpdate":false,"showSkybox":false,"showFlares":true,"showImageEffects":true,"showParticleSystems":true},"in2DMode":false,"pivot":{"x":-194.04591369628907,"y":252.89739990234376,"z":139.02691650390626},"rotation":{"x":0.13602127134799958,"y":0.8626286387443543,"z":0.36948445439338686,"w":-0.3175709843635559},"size":6.764040470123291,"orthographic":false}