{"cameraMode":{"drawMode":0,"name":"Shaded","section":"Shading Mode"},"sceneLighting":false,"audioPlay":false,"sceneViewState":{"showFog":true,"showMaterialUpdate":false,"showSkybox":false,"showFlares":true,"showImageEffects":true,"showParticleSystems":true},"in2DMode":false,"pivot":{"x":-0.5894739627838135,"y":4.895936965942383,"z":0.4131835997104645},"rotation":{"x":-0.0627371147274971,"y":-0.7041016817092896,"z":0.06269718706607819,"w":-0.704538106918335},"size":4.2921319007873539,"orthographic":false}