{"cameraMode":{"drawMode":0,"name":"Shaded","section":"Shading Mode"},"sceneLighting":true,"audioPlay":false,"sceneViewState":{"showFog":true,"showMaterialUpdate":false,"showSkybox":false,"showFlares":true,"showImageEffects":true,"showParticleSystems":true},"in2DMode":false,"pivot":{"x":71.63448333740235,"y":7.729060173034668,"z":24.583450317382814},"rotation":{"x":0.017914457246661187,"y":0.7407662868499756,"z":0.019771577790379525,"w":-0.6712328791618347},"size":-7.380330562591553,"orthographic":false}