{"cameraMode":{"drawMode":0,"name":"Shaded","section":"Shading Mode"},"sceneLighting":false,"audioPlay":false,"sceneViewState":{"showFog":true,"showMaterialUpdate":false,"showSkybox":false,"showFlares":true,"showImageEffects":true,"showParticleSystems":true},"in2DMode":false,"pivot":{"x":0.1680011749267578,"y":1.5700925588607789,"z":0.44513630867004397},"rotation":{"x":0.10830417275428772,"y":0.7753443717956543,"z":0.13843481242656709,"w":-0.6065865159034729},"size":4.7844696044921879,"orthographic":false}