{"cameraMode":{"drawMode":0,"name":"Shaded","section":"Shading Mode"},"sceneLighting":false,"audioPlay":false,"sceneViewState":{"showFog":true,"showMaterialUpdate":false,"showSkybox":false,"showFlares":true,"showImageEffects":true,"showParticleSystems":true},"in2DMode":false,"pivot":{"x":10.037964820861817,"y":25.96062469482422,"z":128.23219299316407},"rotation":{"x":0.18224990367889405,"y":0.022109100595116617,"z":-0.004100254736840725,"w":0.9829951524734497},"size":501.2098083496094,"orthographic":false}