{"cameraMode":{"drawMode":0,"name":"Shaded","section":"Shading Mode"},"sceneLighting":true,"audioPlay":false,"sceneViewState":{"showFog":true,"showMaterialUpdate":false,"showSkybox":false,"showFlares":true,"showImageEffects":true,"showParticleSystems":true},"in2DMode":false,"pivot":{"x":11.821247100830079,"y":4.783371448516846,"z":5.021483898162842},"rotation":{"x":-0.07673972845077515,"y":0.005086295772343874,"z":-0.0003907754144165665,"w":-0.9970381259918213},"size":34.7428092956543,"orthographic":false}