{"cameraMode":{"drawMode":0,"name":"Shaded","section":"Shading Mode"},"sceneLighting":true,"audioPlay":false,"sceneViewState":{"showFog":true,"showMaterialUpdate":false,"showSkybox":false,"showFlares":true,"showImageEffects":true,"showParticleSystems":true},"in2DMode":false,"pivot":{"x":3.928360939025879,"y":4.179987907409668,"z":-3.981532096862793},"rotation":{"x":0.0002689026587177068,"y":-0.5243983864784241,"z":0.00016540189972147346,"w":0.8514730334281921},"size":10.569413185119629,"orthographic":false}