{"cameraMode":{"drawMode":0,"name":"Shaded","section":"Shading Mode"},"sceneLighting":true,"audioPlay":false,"sceneViewState":{"showFog":true,"showMaterialUpdate":false,"showSkybox":false,"showFlares":true,"showImageEffects":true,"showParticleSystems":true},"in2DMode":false,"pivot":{"x":11.08186149597168,"y":5.156672954559326,"z":6.041263580322266},"rotation":{"x":-0.05391000956296921,"y":0.7224807739257813,"z":-0.05669737979769707,"w":-0.6869502663612366},"size":5.994174957275391,"orthographic":false}