{"cameraMode":{"drawMode":0,"name":"Shaded","section":"Shading Mode"},"sceneLighting":false,"audioPlay":false,"sceneViewState":{"showFog":true,"showMaterialUpdate":false,"showSkybox":false,"showFlares":true,"showImageEffects":true,"showParticleSystems":true},"in2DMode":false,"pivot":{"x":-1.0676560401916505,"y":1.2628777027130128,"z":-0.05784103274345398},"rotation":{"x":-0.17895367741584779,"y":0.6568939685821533,"z":0.1647154837846756,"w":0.7136769890785217},"size":5.16669225692749,"orthographic":false}