{"cameraMode":{"drawMode":0,"name":"Shaded","section":"Shading Mode"},"sceneLighting":false,"audioPlay":false,"sceneViewState":{"showFog":true,"showMaterialUpdate":false,"showSkybox":false,"showFlares":true,"showImageEffects":true,"showParticleSystems":true},"in2DMode":false,"pivot":{"x":-1.7784481048583985,"y":2.209373712539673,"z":0.8547679781913757},"rotation":{"x":0.07588399201631546,"y":-0.24278351664543153,"z":0.019053829833865167,"w":0.9669201970100403},"size":8.4374361038208,"orthographic":false}