{"cameraMode":{"drawMode":0,"name":"Shaded","section":"Shading Mode"},"sceneLighting":false,"audioPlay":false,"sceneViewState":{"showFog":true,"showMaterialUpdate":false,"showSkybox":false,"showFlares":true,"showImageEffects":true,"showParticleSystems":true},"in2DMode":false,"pivot":{"x":0.6565237045288086,"y":1.6282659769058228,"z":0.24566125869750977},"rotation":{"x":-0.07908231019973755,"y":0.8747443556785584,"z":-0.15269257128238679,"w":-0.4530489146709442},"size":4.819491386413574,"orthographic":false}