{"cameraMode":{"drawMode":0,"name":"Shaded","section":"Shading Mode"},"sceneLighting":false,"audioPlay":false,"sceneViewState":{"showFog":true,"showMaterialUpdate":false,"showSkybox":false,"showFlares":true,"showImageEffects":true,"showParticleSystems":true},"in2DMode":false,"pivot":{"x":-0.10697498917579651,"y":1.057356595993042,"z":-1.2000951766967774},"rotation":{"x":0.14365004003047944,"y":-0.047491323202848437,"z":0.0069016823545098309,"w":0.9884642958641052},"size":3.084707260131836,"orthographic":false}