{"cameraMode":{"drawMode":0,"name":"Shaded","section":"Shading Mode"},"sceneLighting":false,"audioPlay":false,"sceneViewState":{"showFog":true,"showMaterialUpdate":false,"showSkybox":false,"showFlares":true,"showImageEffects":true,"showParticleSystems":true},"in2DMode":false,"pivot":{"x":0.14880657196044923,"y":1.6513596773147584,"z":0.4477740526199341},"rotation":{"x":0.08779884874820709,"y":0.7908856272697449,"z":0.116849884390831,"w":-0.5942537188529968},"size":6.894733905792236,"orthographic":false}