{"cameraMode":{"drawMode":0,"name":"Shaded","section":"Shading Mode"},"sceneLighting":false,"audioPlay":false,"sceneViewState":{"showFog":true,"showMaterialUpdate":false,"showSkybox":false,"showFlares":true,"showImageEffects":true,"showParticleSystems":true},"in2DMode":false,"pivot":{"x":9.512463569641114,"y":0.8347424864768982,"z":16.57581901550293},"rotation":{"x":0.0963021069765091,"y":0.5789533853530884,"z":-0.06911447644233704,"w":0.8066983222961426},"size":3.6452341079711916,"orthographic":false}