{"cameraMode":{"drawMode":0,"name":"Shaded","section":"Shading Mode"},"sceneLighting":false,"audioPlay":false,"sceneViewState":{"showFog":true,"showMaterialUpdate":false,"showSkybox":false,"showFlares":true,"showImageEffects":true,"showParticleSystems":true},"in2DMode":false,"pivot":{"x":0.6564900875091553,"y":0.7192747592926025,"z":0.10642623901367188},"rotation":{"x":-0.18277589976787568,"y":0.7777466177940369,"z":-0.26276853680610659,"w":-0.5409767031669617},"size":3.5056209564208986,"orthographic":false}