{"cameraMode":{"drawMode":0,"name":"Shaded","section":"Shading Mode"},"sceneLighting":true,"audioPlay":false,"sceneViewState":{"showFog":true,"showMaterialUpdate":false,"showSkybox":false,"showFlares":true,"showImageEffects":true,"showParticleSystems":true},"in2DMode":false,"pivot":{"x":8.706811904907227,"y":3.7611489295959474,"z":-4.773953437805176},"rotation":{"x":0.011547103524208069,"y":0.888378381729126,"z":0.022377952933311464,"w":-0.4584209620952606},"size":11.909714698791504,"orthographic":false}