{"cameraMode":{"drawMode":0,"name":"Shaded","section":"Shading Mode"},"sceneLighting":false,"audioPlay":false,"sceneViewState":{"showFog":true,"showMaterialUpdate":false,"showSkybox":false,"showFlares":true,"showImageEffects":true,"showParticleSystems":true},"in2DMode":false,"pivot":{"x":-1.359902024269104,"y":3.1862735748291017,"z":1.9122666120529175},"rotation":{"x":0.21480441093444825,"y":0.34014877676963808,"z":-0.08011654764413834,"w":0.911997377872467},"size":13.204205513000489,"orthographic":false}