{"cameraMode":{"drawMode":0,"name":"Shaded","section":"Shading Mode"},"sceneLighting":false,"audioPlay":false,"sceneViewState":{"showFog":true,"showMaterialUpdate":false,"showSkybox":false,"showFlares":true,"showImageEffects":true,"showParticleSystems":true},"in2DMode":false,"pivot":{"x":15.616729736328125,"y":19.47292709350586,"z":-1.516505241394043},"rotation":{"x":-0.2214444875717163,"y":0.46524539589881899,"z":-0.12143624573945999,"w":-0.8483880758285523},"size":8.332255363464356,"orthographic":false}