{"cameraMode":{"drawMode":0,"name":"Shaded","section":"Shading Mode"},"sceneLighting":true,"audioPlay":false,"sceneViewState":{"showFog":true,"showMaterialUpdate":false,"showSkybox":false,"showFlares":true,"showImageEffects":true,"showParticleSystems":true},"in2DMode":false,"pivot":{"x":17.8225040435791,"y":8.580442428588868,"z":-5.044219970703125},"rotation":{"x":0.2648884952068329,"y":-0.3484839200973511,"z":0.10335259884595871,"w":0.8931469321250916},"size":5.745234966278076,"orthographic":false}