{"cameraMode":{"drawMode":0,"name":"Shaded","section":"Shading Mode"},"sceneLighting":false,"audioPlay":false,"sceneViewState":{"showFog":true,"showMaterialUpdate":false,"showSkybox":false,"showFlares":true,"showImageEffects":true,"showParticleSystems":true},"in2DMode":false,"pivot":{"x":4.31479024887085,"y":1.6325407028198243,"z":-0.06088578701019287},"rotation":{"x":-0.03300929814577103,"y":0.8713488578796387,"z":-0.059183698147535327,"w":-0.4859618544578552},"size":3.3596932888031008,"orthographic":false}