{"cameraMode":{"drawMode":0,"name":"Shaded","section":"Shading Mode"},"sceneLighting":true,"audioPlay":false,"sceneViewState":{"showFog":true,"showMaterialUpdate":false,"showSkybox":false,"showFlares":true,"showImageEffects":true,"showParticleSystems":true},"in2DMode":false,"pivot":{"x":-357.0805358886719,"y":3130.44921875,"z":849.8898315429688},"rotation":{"x":0.007237105630338192,"y":0.5522213578224182,"z":0.004795921966433525,"w":-0.8336523771286011},"size":26.55500602722168,"orthographic":false}