{"cameraMode":{"drawMode":0,"name":"Shaded","section":"Shading Mode"},"sceneLighting":true,"audioPlay":false,"sceneViewState":{"showFog":true,"showMaterialUpdate":false,"showSkybox":false,"showFlares":true,"showImageEffects":true,"showParticleSystems":true},"in2DMode":false,"pivot":{"x":2.4223060607910158,"y":6.7138447761535648,"z":3.49556827545166},"rotation":{"x":-0.15859250724315644,"y":-0.025436170399188997,"z":0.004088166635483503,"w":-0.9870079755783081},"size":17.625411987304689,"orthographic":false}