{"cameraMode":{"drawMode":0,"name":"Shaded","section":"Shading Mode"},"sceneLighting":true,"audioPlay":false,"sceneViewState":{"showFog":true,"showMaterialUpdate":false,"showSkybox":false,"showFlares":true,"showImageEffects":true,"showParticleSystems":true},"in2DMode":false,"pivot":{"x":7.563032150268555,"y":4.903541564941406,"z":12.6183443069458},"rotation":{"x":0.08030973374843598,"y":0.7105944156646729,"z":0.08221279829740524,"w":-0.6941519975662231},"size":7.164340496063232,"orthographic":false}