{"cameraMode":{"drawMode":0,"name":"Shaded","section":"Shading Mode"},"sceneLighting":false,"audioPlay":false,"sceneViewState":{"showFog":true,"showMaterialUpdate":false,"showSkybox":false,"showFlares":true,"showImageEffects":true,"showParticleSystems":true},"in2DMode":false,"pivot":{"x":9.870548248291016,"y":1.1318104267120362,"z":16.411773681640626},"rotation":{"x":-0.013758448883891106,"y":0.6967214941978455,"z":0.013367586769163609,"w":0.7170852422714233},"size":5.254422187805176,"orthographic":false}