{"cameraMode":{"drawMode":0,"name":"Shaded","section":"Shading Mode"},"sceneLighting":true,"audioPlay":false,"sceneViewState":{"showFog":true,"showMaterialUpdate":false,"showSkybox":false,"showFlares":true,"showImageEffects":true,"showParticleSystems":true},"in2DMode":false,"pivot":{"x":22.75472640991211,"y":15.119707107543946,"z":30.800552368164064},"rotation":{"x":0.06330697983503342,"y":-0.21095754206180573,"z":0.013692013919353485,"w":0.9753469824790955},"size":48.795291900634769,"orthographic":false}