{"cameraMode":{"drawMode":0,"name":"Shaded","section":"Shading Mode"},"sceneLighting":true,"audioPlay":false,"sceneViewState":{"showFog":true,"showMaterialUpdate":false,"showSkybox":false,"showFlares":true,"showImageEffects":true,"showParticleSystems":true},"in2DMode":false,"pivot":{"x":-2.1099281311035158,"y":10.04189682006836,"z":8.635452270507813},"rotation":{"x":-0.20692765712738038,"y":-0.05892028659582138,"z":0.012486692517995835,"w":-0.9765006303787231},"size":21.463388442993165,"orthographic":false}