{"cameraMode":{"drawMode":0,"name":"Shaded","section":"Shading Mode"},"sceneLighting":true,"audioPlay":false,"sceneViewState":{"showFog":true,"showMaterialUpdate":false,"showSkybox":false,"showFlares":true,"showImageEffects":true,"showParticleSystems":true},"in2DMode":false,"pivot":{"x":21.73149871826172,"y":-0.05502316355705261,"z":33.603797912597659},"rotation":{"x":-0.024260470643639566,"y":-0.6465259194374085,"z":0.020579198375344278,"w":-0.7622284293174744},"size":4.079148769378662,"orthographic":false}