{"cameraMode":{"drawMode":0,"name":"Shaded","section":"Shading Mode"},"sceneLighting":false,"audioPlay":false,"sceneViewState":{"showFog":true,"showMaterialUpdate":false,"showSkybox":false,"showFlares":true,"showImageEffects":true,"showParticleSystems":true},"in2DMode":false,"pivot":{"x":0.12268543243408203,"y":26.395870208740236,"z":15.069854736328125},"rotation":{"x":0.177923783659935,"y":0.12361732870340347,"z":-0.022536741569638253,"w":0.9759887456893921},"size":69.20925903320313,"orthographic":false}