{"cameraMode":{"drawMode":0,"name":"Shaded","section":"Shading Mode"},"sceneLighting":true,"audioPlay":false,"sceneViewState":{"showFog":true,"showMaterialUpdate":false,"showSkybox":false,"showFlares":true,"showImageEffects":true,"showParticleSystems":true},"in2DMode":false,"pivot":{"x":9.949697494506836,"y":3.879413604736328,"z":11.104890823364258},"rotation":{"x":0.01798294484615326,"y":0.49382203817367556,"z":0.010216139256954193,"w":-0.8693169951438904},"size":6.641211986541748,"orthographic":false}