{"cameraMode":{"drawMode":0,"name":"Shaded","section":"Shading Mode"},"sceneLighting":true,"audioPlay":false,"sceneViewState":{"showFog":true,"showMaterialUpdate":false,"showSkybox":false,"showFlares":true,"showImageEffects":true,"showParticleSystems":true},"in2DMode":false,"pivot":{"x":55.24598693847656,"y":25.997150421142579,"z":6.300637245178223},"rotation":{"x":-0.01653314381837845,"y":0.1825467199087143,"z":-0.0030693616718053819,"w":-0.9830533862113953},"size":0.0066449642181396488,"orthographic":false}