{"cameraMode":{"drawMode":0,"name":"Shaded","section":"Shading Mode"},"sceneLighting":true,"audioPlay":false,"sceneViewState":{"showFog":true,"showMaterialUpdate":false,"showSkybox":false,"showFlares":true,"showImageEffects":true,"showParticleSystems":true},"in2DMode":false,"pivot":{"x":9.640528678894043,"y":2.8295867443084719,"z":3.4386589527130129},"rotation":{"x":0.026311853900551797,"y":-0.2680854797363281,"z":0.007324494421482086,"w":0.963007926940918},"size":7.640176296234131,"orthographic":false}