{"cameraMode":{"drawMode":0,"name":"Shaded","section":"Shading Mode"},"sceneLighting":true,"audioPlay":false,"sceneViewState":{"showFog":true,"showMaterialUpdate":false,"showSkybox":false,"showFlares":true,"showImageEffects":true,"showParticleSystems":true},"in2DMode":false,"pivot":{"x":6.413961410522461,"y":2.3083157539367677,"z":-1.2276697158813477},"rotation":{"x":-0.05434368550777435,"y":-0.47463878989219668,"z":0.02937757782638073,"w":-0.8780100345611572},"size":10.633892059326172,"orthographic":false}