{"cameraMode":{"drawMode":0,"name":"Shaded","section":"Shading Mode"},"sceneLighting":true,"audioPlay":false,"sceneViewState":{"showFog":true,"showMaterialUpdate":false,"showSkybox":false,"showFlares":true,"showImageEffects":true,"showParticleSystems":true},"in2DMode":false,"pivot":{"x":0.0,"y":1.5499999523162842,"z":0.20000001788139344},"rotation":{"x":0.08680529147386551,"y":0.3206591308116913,"z":-0.029526328667998315,"w":0.9427464008331299},"size":3.5336451530456545,"orthographic":false}