{"cameraMode":{"drawMode":0,"name":"Shaded","section":"Shading Mode"},"sceneLighting":true,"audioPlay":false,"sceneViewState":{"showFog":true,"showMaterialUpdate":false,"showSkybox":false,"showFlares":true,"showImageEffects":true,"showParticleSystems":true},"in2DMode":false,"pivot":{"x":9.572349548339844,"y":7.099803447723389,"z":7.478021621704102},"rotation":{"x":-0.029262632131576539,"y":-0.5716897249221802,"z":-0.02040921337902546,"w":0.819693922996521},"size":20.947126388549806,"orthographic":false}