{"cameraMode":{"drawMode":0,"name":"Shaded","section":"Shading Mode"},"sceneLighting":true,"audioPlay":false,"sceneViewState":{"showFog":true,"showMaterialUpdate":false,"showSkybox":false,"showFlares":true,"showImageEffects":true,"showParticleSystems":true},"in2DMode":false,"pivot":{"x":24.87066650390625,"y":105.72911071777344,"z":62.43389892578125},"rotation":{"x":0.06232660263776779,"y":0.7811940312385559,"z":-0.07902662456035614,"w":0.6161218881607056},"size":2781.7470703125,"orthographic":false}