{"cameraMode":{"drawMode":0,"name":"Shaded","section":"Shading Mode"},"sceneLighting":true,"audioPlay":false,"sceneViewState":{"showFog":true,"showMaterialUpdate":false,"showSkybox":false,"showFlares":true,"showImageEffects":true,"showParticleSystems":true},"in2DMode":false,"pivot":{"x":30.77353286743164,"y":4.007319450378418,"z":25.447307586669923},"rotation":{"x":0.0009045870392583311,"y":0.6439138054847717,"z":0.0007624291465617716,"w":-0.7650972008705139},"size":94.48927307128906,"orthographic":false}