{"cameraMode":{"drawMode":0,"name":"Shaded","section":"Shading Mode"},"sceneLighting":true,"audioPlay":false,"sceneViewState":{"showFog":true,"showMaterialUpdate":false,"showSkybox":false,"showFlares":true,"showImageEffects":true,"showParticleSystems":true},"in2DMode":false,"pivot":{"x":3.1317787170410158,"y":3.344987630844116,"z":6.833176612854004},"rotation":{"x":-0.007185874041169882,"y":0.3918003737926483,"z":-0.003060016082599759,"w":-0.9200171232223511},"size":16.266460418701173,"orthographic":false}