{"cameraMode":{"drawMode":0,"name":"Shaded","section":"Shading Mode"},"sceneLighting":true,"audioPlay":false,"sceneViewState":{"showFog":true,"showMaterialUpdate":false,"showSkybox":false,"showFlares":true,"showImageEffects":true,"showParticleSystems":true},"in2DMode":false,"pivot":{"x":7.760370254516602,"y":8.626591682434082,"z":-3.9264440536499025},"rotation":{"x":-0.1320399045944214,"y":-0.3921048045158386,"z":0.05698122829198837,"w":-0.9086101651191711},"size":5.857394218444824,"orthographic":false}