{"cameraMode":{"drawMode":0,"name":"Shaded","section":"Shading Mode"},"sceneLighting":true,"audioPlay":false,"sceneViewState":{"showFog":true,"showMaterialUpdate":false,"showSkybox":false,"showFlares":true,"showImageEffects":true,"showParticleSystems":true},"in2DMode":false,"pivot":{"x":23.536088943481447,"y":0.8870047330856323,"z":20.147844314575197},"rotation":{"x":0.13118000328540803,"y":-0.04400085657835007,"z":-0.005827931687235832,"w":-0.9903644919395447},"size":1.6848104000091553,"orthographic":false}