{"cameraMode":{"drawMode":0,"name":"Shaded","section":"Shading Mode"},"sceneLighting":true,"audioPlay":false,"sceneViewState":{"showFog":true,"showMaterialUpdate":false,"showSkybox":false,"showFlares":true,"showImageEffects":true,"showParticleSystems":true},"in2DMode":false,"pivot":{"x":-0.6048827171325684,"y":0.7091140747070313,"z":-3.054976463317871},"rotation":{"x":-0.33342304825782778,"y":-0.2009032517671585,"z":0.0729512870311737,"w":-0.918229341506958},"size":40.21817398071289,"orthographic":false}