{"cameraMode":{"drawMode":0,"name":"Shaded","section":"Shading Mode"},"sceneLighting":true,"audioPlay":false,"sceneViewState":{"showFog":true,"showMaterialUpdate":false,"showSkybox":false,"showFlares":true,"showImageEffects":true,"showParticleSystems":true},"in2DMode":false,"pivot":{"x":5.702322006225586,"y":3.4006853103637697,"z":4.3624749183654789},"rotation":{"x":-0.007185874041169882,"y":0.3918003737926483,"z":-0.003060016082599759,"w":-0.9200171232223511},"size":16.266460418701173,"orthographic":false}